TITLE,DESCRIPTION,PRICE,CURRENCY_CODE,QUANTITY,TAGS,MATERIALS,IMAGE1,IMAGE2,IMAGE3,IMAGE4,IMAGE5,IMAGE6,IMAGE7,IMAGE8,IMAGE9,IMAGE10,"VARIATION 1 TYPE","VARIATION 1 NAME","VARIATION 1 VALUES","VARIATION 2 TYPE","VARIATION 2 NAME","VARIATION 2 VALUES",SKU
"Currently Clean on OPSEC Embroidered Hat | Rogue Bureaucrat Satire | Snarky Dad Cap | Political Irony Gift","Because nothing says secure like looping in a journalist to a commercial-app-based chat discussion on military attack details. For those who prefer their irony compartmented and strictly need-to-know, this ""Currently Clean on OPSEC"" embroidered dad hat is your new uniform.

Whether you're a rogue bureaucrat, a sarcasm-savvy civil servant, or just someone who watches the headlines with a raised eyebrow, this hat lets you signal both style and satire. It's perfect for those in-the-know, and hilarious to those who aren't.

Why you'll love this hat:
- Bold Embroidery: Clean, crisp stitching that proudly declares your OPSEC status.
- Comfort Fit: 100% breathable cotton twill (Green Camo color is 35% chino cotton twill, 65% polyester) with adjustable metal buckle‚Äîone size fits most.
- Conversation Starter: From DC to DEFCON, it‚Äôs a subtle troll on government mishaps.
- Perfect Gift: Ideal for journalists, policy wonks, IT pros, and anyone who‚Äôs ever read a breach report with a smirk.

Perfect for:
- Fans of political satire and sharp commentary
- Civil servants with a sense of humor
- Office parties, protests, or just doomscrolling with style

Declare your (ironic) innocence. Grab your ""Currently Clean on OPSEC"" hat today.

Other details:
‚Ä¢ Unstructured, 6-panel, low-profile
‚Ä¢ 6 embroidered eyelets
‚Ä¢ 3 ‚Öõ‚Äù (7.6 cm) crown
‚Ä¢ Adjustable strap with antique buckle
‚Ä¢ Blank product sourced from Vietnam or Bangladesh

This product is made especially for you as soon as you place an order, which is why it takes us a bit longer to deliver it to you. Making products on demand instead of in bulk helps reduce overproduction, so thank you for making thoughtful purchasing decisions!",20,USD,2997,"Government_Satire,Political_Humor,IT_Security_Gift,OPSEC_Fail_Meme,Civil_Servant_Gift,Rogue_Bureaucrat_Hat,Protest_Resist_Cap,Statement_Accessory,Save_Democracy",cotton,https://i.etsystatic.com/19767856/r/il/5e0a14/6831878301/il_fullxfull.6831878301_insa.jpg,https://i.etsystatic.com/19767856/r/il/bf383f/6831878447/il_fullxfull.6831878447_3gnk.jpg,https://i.etsystatic.com/19767856/r/il/bb42c6/6783870164/il_fullxfull.6783870164_7py7.jpg,https://i.etsystatic.com/19767856/r/il/6e4659/6831878411/il_fullxfull.6831878411_osvn.jpg,https://i.etsystatic.com/19767856/r/il/ed765e/6831878381/il_fullxfull.6831878381_oxmh.jpg,https://i.etsystatic.com/19767856/r/il/cabdd5/6831878473/il_fullxfull.6831878473_dhjx.jpg,https://i.etsystatic.com/19767856/r/il/9e4d84/6831878431/il_fullxfull.6831878431_aooz.jpg,https://i.etsystatic.com/19767856/r/il/e7cbeb/6831878507/il_fullxfull.6831878507_jrou.jpg,,,Color,"Primary color","Black,Cranberry,Green Camo",,,,"67F8F21DE3478_7854,67F8F21DE3478_12735,67F8F21DE3478_9794"
"Currently Clean on OPSEC Sticker | Ironic Gov Scandal Decal | Political Satire | Cybersecurity Meme | Rogue Bureaucrat Gift","Because nothing says secure like looping in a journalist to a commercial-app-based chat discussion on military attack details. For those who prefer their irony compartmented and strictly need-to-know, this ""Currently Clean on OPSEC"" sticker says it all‚Äîwithout saying too much.

Perfect for laptops, water bottles, notebooks, or cubicle walls, this glossy vinyl sticker is a smart, cheeky nod to the latest headline-worthy security blunder. Subtle enough for insiders. Funny enough for everyone else.

Wear your irony. Or stick it. Either way, you're ""Currently Clean on OPSEC.""

Technical details:
‚Ä¢  High opacity film that‚Äôs impossible to see through
‚Ä¢  Fast and easy bubble-free application
‚Ä¢  Durable vinyl
‚Ä¢  95¬µ density

Don't forget to clean the surface before applying the sticker.",5.5,USD,2997,"Political_Satire,Security_Fail_Meme,OPSEC_Irony_Sticker,Scandal_Humor,Tech_Satire_Gift,IT_Security_Humor,Federal_Worker_Gift,Government_Irony,Rogue_Bureaucrat",Plastic,https://i.etsystatic.com/19767856/r/il/ca660d/6784746530/il_fullxfull.6784746530_tr9k.jpg,https://i.etsystatic.com/19767856/r/il/63dada/6831870313/il_fullxfull.6831870313_q9tj.jpg,https://i.etsystatic.com/19767856/r/il/30643d/6783862220/il_fullxfull.6783862220_c15n.jpg,https://i.etsystatic.com/19767856/r/il/2f1f82/6783862256/il_fullxfull.6783862256_b6rb.jpg,https://i.etsystatic.com/19767856/r/il/340278/6783862290/il_fullxfull.6783862290_27j0.jpg,https://i.etsystatic.com/19767856/r/il/bfbb8b/6784744862/il_fullxfull.6784744862_tm6r.jpg,https://i.etsystatic.com/19767856/r/il/5701b2/6784744846/il_fullxfull.6784744846_izqf.jpg,https://i.etsystatic.com/19767856/r/il/c817fd/6784744860/il_fullxfull.6784744860_q5fh.jpg,https://i.etsystatic.com/19767856/r/il/125712/6784744872/il_fullxfull.6784744872_3xb6.jpg,https://i.etsystatic.com/19767856/r/il/c4f6aa/6784744852/il_fullxfull.6784744852_tp5o.jpg,"Custom Property",Size,"3‚Ä≥√ó3‚Ä≥,4‚Ä≥√ó4‚Ä≥,5.5‚Ä≥√ó5.5‚Ä≥",,,,"67F8F114DE586_10163,67F8F114DE586_10165,67F8F114DE586_10164"
"Foxtrot Delta Tango Bumper Sticker ‚Äì Dancing Fox Protest | Cheeky Political Art | Bumper Sticker","ü¶ä Foxtrot Delta Tango Bumper Sticker ‚Äì Bold, Sassy, and Foxy as Hell ü¶ä

Subtle enough for your laptop. Bold enough for your water bottle. This high-quality vinyl bumper sticker features two foxes tangoing in a delta‚Äîour wink-and-a-nod homage to the protest slogan Foxtrot Delta Tango. It‚Äôs perfect for bureaucrats, diplomats, and all the cheeky rebels who like their dissent artfully packaged.

üìé Great for laptops, notebooks, water bottles, or *gasp* your car's bumper!
üí¶ Durable, waterproof vinyl
üî• Heat-resistant and scratch-proof
üëÄ Makes people ask, ‚ÄúWait... is that what I think it is?‚Äù

Stick it. Show it. Fox it up.

‚Ä¢  High opacity film that‚Äôs impossible to see through
‚Ä¢  Fast and easy bubble-free application
‚Ä¢  Durable vinyl
‚Ä¢  95¬µ density

Don't forget to clean the surface before applying the sticker.",10,USD,999,"FDT,foxtrot_delta_tango,Diplomat_gift,Federal_Employee,quiet_resistance,subtle_political_art,modern_protest,American_dissent,Daily_protest_gear,Political_bumper",,https://i.etsystatic.com/19767856/r/il/7f6072/6773824242/il_fullxfull.6773824242_8rpu.jpg,https://i.etsystatic.com/19767856/r/il/951838/6821839413/il_fullxfull.6821839413_prle.jpg,,,,,,,,,,,,,,,67F3CCCA178AC_16362
"Foxtrot Delta Tango Calligraphy Shirt ‚Äì Subtle Protest Tee | Elegant Script Statement | Political Art Shirt | FDT T-Shirt","‚úíÔ∏è Foxtrot Delta Tango Calligraphy Tee ‚Äì The Subversive Shirt for the Stylishly Fed Up ‚úíÔ∏è

What looks like a beautiful calligraphic design... is exactly that‚Äîand also not that at all.

This minimalist yet statement-making t-shirt features the phrase Foxtrot Delta Tango in flowing, elegant script. To the untrained eye, it‚Äôs an artful swirl of letters. But for those in the know? It‚Äôs a sly protest slogan, served up with style.

üéØ Sophisticated enough for work-from-home Zooms
üñãÔ∏è Bold enough for a bureaucratic breakdown
üßµ Soft cotton blend for maximum comfort during the revolution

Whether you‚Äôre a career public servant, a fan of NATO phonetics, or just have excellent taste in coded resistance, this shirt is your new quiet-loud favorite.

‚Ä¢ 100% ring-spun cotton
‚Ä¢ Sport Grey is 90% ring-spun cotton, 10% polyester
‚Ä¢ Dark Heather is 65% polyester, 35% cotton
‚Ä¢ 4.5 oz/yd¬≤ (153 g/m¬≤)
‚Ä¢ Shoulder-to-shoulder taping
‚Ä¢ Quarter-turned to avoid crease down the center
‚Ä¢ Blank product sourced from Bangladesh, Nicaragua, Honduras, Dominican Republic, Haiti or Guatemala

Disclaimer:¬†Due to the fabric properties, the White color variant may appear off-white rather than bright white.

This product is made especially for you as soon as you place an order, which is why it takes us a bit longer to deliver it to you. Making products on demand instead of in bulk helps reduce overproduction, so thank you for making thoughtful purchasing decisions!",15,USD,47952,"FDT,foxtrot_delta_tango,SaveDemocracy,Diplomat_gift,Protest_T-Shirt,Federal_Employee,nato_alphabet_shirt,quiet_resistance,subtle_political_art,minimalist_activist,modern_protest",,https://i.etsystatic.com/19767856/r/il/cde154/6821806091/il_fullxfull.6821806091_4yea.jpg,https://i.etsystatic.com/19767856/r/il/37bb2d/6773791594/il_fullxfull.6773791594_4ya9.jpg,https://i.etsystatic.com/19767856/r/il/47904a/6821806143/il_fullxfull.6821806143_cwp3.jpg,https://i.etsystatic.com/19767856/r/il/5dddf4/6773791674/il_fullxfull.6773791674_m735.jpg,https://i.etsystatic.com/19767856/r/il/b036db/6773791720/il_fullxfull.6773791720_n1ev.jpg,https://i.etsystatic.com/19767856/r/il/9a7241/6821806259/il_fullxfull.6821806259_1kbl.jpg,https://i.etsystatic.com/19767856/r/il/6297d0/6821806285/il_fullxfull.6821806285_rgnc.jpg,https://i.etsystatic.com/19767856/r/il/e726ac/6821806305/il_fullxfull.6821806305_ijxe.jpg,,,Color,"Primary color","Dark Heather Grey,Graphite Heather,Military Green,Heather Red,Heather Indigo,Heather Royal,Sand,Sport Grey","Unisex shirt size",Size,"S,M,L,XL,2X,3X","67F3C89EC9CDB_22353,67F3C89EC9CDB_22354,67F3C89EC9CDB_20414,67F3C89EC9CDB_20408,67F3C89EC9CDB_20411,67F3C89EC9CDB_557,67F3C89EC9CDB_588,67F3C89EC9CDB_650,67F3C89EC9CDB_20401,67F3C89EC9CDB_21617,67F3C89EC9CDB_21618,67F3C89EC9CDB_21619,67F3C89EC9CDB_552,67F3C89EC9CDB_583,67F3C89EC9CDB_532,67F3C89EC9CDB_563,67F3C89EC9CDB_594,67F3C89EC9CDB_625,67F3C89EC9CDB_627,67F3C89EC9CDB_22352,67F3C89EC9CDB_22355,67F3C89EC9CDB_22356,67F3C89EC9CDB_22357,67F3C89EC9CDB_20405,67F3C89EC9CDB_20402,67F3C89EC9CDB_20399,67F3C89EC9CDB_495,67F3C89EC9CDB_526,67F3C89EC9CDB_619,67F3C89EC9CDB_20416,67F3C89EC9CDB_20410,67F3C89EC9CDB_20413,67F3C89EC9CDB_20407,67F3C89EC9CDB_20404,67F3C89EC9CDB_21615,67F3C89EC9CDB_21616,67F3C89EC9CDB_21620,67F3C89EC9CDB_490,67F3C89EC9CDB_521,67F3C89EC9CDB_614,67F3C89EC9CDB_645,67F3C89EC9CDB_501,67F3C89EC9CDB_656,67F3C89EC9CDB_503,67F3C89EC9CDB_534,67F3C89EC9CDB_565,67F3C89EC9CDB_596,67F3C89EC9CDB_658"
"Foxtrot Delta Tango Sticker ‚Äì Dancing Fox Protest Decal | Cheeky Political Art | Waterproof Vinyl for Laptop, Journal, or Water Bottle","ü¶ä Foxtrot Delta Tango Sticker ‚Äì Small, Sassy, and Foxy as Hell ü¶ä

Subtle enough for your laptop. Bold enough for your water bottle. This high-quality vinyl sticker features two foxes tangoing in a delta‚Äîour wink-and-a-nod homage to the protest slogan Foxtrot Delta Tango. It‚Äôs perfect for bureaucrats, diplomats, and all the cheeky rebels who like their dissent artfully packaged.

üìé Great for laptops, notebooks, water bottles, or your badge wallet
üí¶ Durable, waterproof vinyl
üî• Heat-resistant and scratch-proof
üëÄ Makes people ask, ‚ÄúWait... is that what I think it is?‚Äù

Stick it. Show it. Fox it up.

‚Ä¢  High opacity film that‚Äôs impossible to see through
‚Ä¢  Fast and easy bubble-free application
‚Ä¢  Durable vinyl
‚Ä¢  95¬µ density

Don't forget to clean the surface before applying the sticker.",5.5,USD,2997,"usa_protest_gear,foxtrot_delta_tango,FDT,Resist,political_sticker,Dancing_Fox_Protest,Government_employee,Diplomat_gift,SaveDemocracy",,https://i.etsystatic.com/19767856/r/il/fbb2d0/6773693372/il_fullxfull.6773693372_85yi.jpg,https://i.etsystatic.com/19767856/r/il/81413b/6821708349/il_fullxfull.6821708349_jgqw.jpg,https://i.etsystatic.com/19767856/r/il/520667/6821708377/il_fullxfull.6821708377_bei3.jpg,https://i.etsystatic.com/19767856/r/il/3e8b4d/6821708407/il_fullxfull.6821708407_d9i4.jpg,https://i.etsystatic.com/19767856/r/il/63ae19/6821708431/il_fullxfull.6821708431_4q18.jpg,https://i.etsystatic.com/19767856/r/il/89dd13/6773693512/il_fullxfull.6773693512_h3uo.jpg,https://i.etsystatic.com/19767856/r/il/b0c5c0/6821708487/il_fullxfull.6821708487_snsd.jpg,https://i.etsystatic.com/19767856/r/il/b7ac00/6773693578/il_fullxfull.6773693578_kk5o.jpg,https://i.etsystatic.com/19767856/r/il/ece518/6821708549/il_fullxfull.6821708549_gfjv.jpg,https://i.etsystatic.com/19767856/r/il/a59513/6773693668/il_fullxfull.6773693668_fypy.jpg,"Custom Property",Size,"3‚Ä≥√ó3‚Ä≥,4‚Ä≥√ó4‚Ä≥,5.5‚Ä≥√ó5.5‚Ä≥",,,,"67F3BAD7B24EB_10163,67F3BAD7B24EB_10165,67F3BAD7B24EB_10164"
"Foxtrot Delta Tango T-Shirt ‚Äì Dancing Fox Protest Tee | Cheeky Political Slogan Shirt | Anthropomorphic Foxes in Delta Triangle","ü¶ä Foxtrot Delta Tango Protest Tee ‚Äì Make Your Statement in Style ü¶ä

This isn't just a shirt‚Äîit's a sly wink at the system. Featuring two elegant foxes tangoing inside a bold delta symbol, this design is a tongue-in-cheek tribute to the protest slogan Foxtrot Delta Tango. Whether you know the backstory or just love foxy dance moves and geometric flair, this tee lets you resist with style.

üï∫ Dapper foxes.
üî∫ Symbolic triangle.
üéØ Perfectly subtle subversion.

Join the dance. Wear the message. Foxtrot Delta Tango.

‚Ä¢ Ideal for marches, meetings, or mildly rebellious brunches
‚Ä¢ 100% cotton
‚Ä¢ Sport Grey is 90% cotton, 10% polyester
‚Ä¢ Ash Grey is 99% cotton, 1% polyester
‚Ä¢ Heather colors are 50% cotton, 50% polyester
‚Ä¢ Fabric weight: 5.0‚Äì5.3 oz/yd¬≤ (170-180 g/m¬≤) 
‚Ä¢ Open-end yarn
‚Ä¢ Tubular fabric
‚Ä¢ Taped neck and shoulders
‚Ä¢ Double seam at sleeves and bottom hem
‚Ä¢ Blank product sourced from Honduras, Nicaragua, Haiti, Dominican Republic, Bangladesh, Mexico

Disclaimers:¬†
‚Ä¢ Due to the fabric properties, the White color variant may appear off-white rather than bright white.
‚Ä¢ Dark color speckles throughout the fabric are expected for the color Natural.

This product is made especially for you as soon as you place an order, which is why it takes us a bit longer to deliver it to you. Making products on demand instead of in bulk helps reduce overproduction, so thank you for making thoughtful purchasing decisions!",15,USD,62937,"usa_protest_gear,foxtrot_delta_tango,FDT,Resist,protest_shirt,subversive_statement,SaveDemocracy",,https://i.etsystatic.com/19767856/r/il/fc06c2/6773676054/il_fullxfull.6773676054_jthj.jpg,https://i.etsystatic.com/19767856/r/il/02453d/6773676090/il_fullxfull.6773676090_ppch.jpg,https://i.etsystatic.com/19767856/r/il/1656ab/6773676108/il_fullxfull.6773676108_rbqi.jpg,https://i.etsystatic.com/19767856/r/il/900f6f/6773676146/il_fullxfull.6773676146_ex7a.jpg,https://i.etsystatic.com/19767856/r/il/605197/6773676176/il_fullxfull.6773676176_vgb5.jpg,https://i.etsystatic.com/19767856/r/il/fd4338/6773676192/il_fullxfull.6773676192_kp7q.jpg,https://i.etsystatic.com/19767856/r/il/773678/6773676208/il_fullxfull.6773676208_a4as.jpg,https://i.etsystatic.com/19767856/r/il/33d91d/6821690933/il_fullxfull.6821690933_4j7f.jpg,https://i.etsystatic.com/19767856/r/il/a7b77d/6821690945/il_fullxfull.6821690945_f4ps.jpg,,Color,"Primary color","Cardinal,Dark Heather,Military Green,Tropical Blue,Graphite Heather,Sport Grey,Sand,Natural,Ice Grey","Unisex shirt size",Size,"S,M,L,XL,2X,3X,4X,5X","67F3B857100F8_15821,67F3B857100F8_15822,67F3B857100F8_15823,67F3B857100F8_15824,67F3B85A90822_,67F3B857100F8_15843,67F3B857100F8_15844,67F3B857100F8_15845,67F3B857100F8_15847,67F3B857100F8_15848,67F3B85A9085B_,67F3B85A90890_,67F3B857100F8_15867,67F3B857100F8_15868,67F3B857100F8_15870,67F3B857100F8_16253,67F3B857100F8_21699,67F3B857100F8_21700,67F3B857100F8_21702,67F3B857100F8_21705,67F3B857100F8_21706,67F3B857100F8_21684,67F3B857100F8_21686,67F3B857100F8_21687,67F3B857100F8_11574,67F3B857100F8_11575,67F3B857100F8_12647,67F3B857100F8_12648,67F3B857100F8_12639,67F3B857100F8_12640,67F3B857100F8_12641,67F3B857100F8_12643,67F3B85A908C6_,67F3B857100F8_11556,67F3B857100F8_11558,67F3B857100F8_11560,67F3B85A90930_,67F3B85A90964_,67F3B857100F8_21692,67F3B857100F8_21693,67F3B857100F8_21694,67F3B857100F8_21695,67F3B857100F8_15819,67F3B857100F8_15820,67F3B85A907DC_,67F3B857100F8_15846,67F3B857100F8_15869,67F3B857100F8_15871,67F3B857100F8_15872,67F3B857100F8_16254,67F3B857100F8_21701,67F3B857100F8_21703,67F3B857100F8_21704,67F3B857100F8_21683,67F3B857100F8_21685,67F3B857100F8_21688,67F3B857100F8_21689,67F3B857100F8_21690,67F3B857100F8_11571,67F3B857100F8_11572,67F3B857100F8_11573,67F3B857100F8_12649,67F3B857100F8_12642,67F3B857100F8_16255,67F3B85A908FB_,67F3B857100F8_11557,67F3B857100F8_11559,67F3B857100F8_16246,67F3B857100F8_21691,67F3B857100F8_21696,67F3B857100F8_21697,67F3B857100F8_21698"
"Rogue Bureaucrat - Mug","Sip with subversion. This ‚ÄúRogue Bureaucrat‚Äù mug is perfect for those who know systems exist for a reason and facts still matter. Proudly defiant‚Äîone cup of coffee at a time.

‚Ä¢ Ceramic
‚Ä¢ 11 oz mug dimensions: 3.8‚Ä≥ (9.6 cm) in height, 3.2‚Ä≥ (8.2 cm) in diameter
‚Ä¢ 15 oz mug dimensions: 4.7‚Ä≥ (11.9 cm) in height, 3.3‚Ä≥ (8.5 cm) in diameter
‚Ä¢ 20 oz mug dimensions: 4.3‚Ä≥ (10.9 cm) in height, 3.7‚Ä≥ (9.3 cm) in diameter
‚Ä¢ Lead and BPA-free material
‚Ä¢ Dishwasher and microwave safe
‚Ä¢ Blank product sourced from China

This product is made especially for you as soon as you place an order, which is why it takes us a bit longer to deliver it to you. Making products on demand instead of in bulk helps reduce overproduction, so thank you for making thoughtful purchasing decisions!

Age restrictions: For adults
EU Warranty: 2 years
Other compliance information: Meets the lead and cadmium level requirements.

In compliance with the General Product Safety Regulation (GPSR), Oak inc. and SINDEN VENTURES LIMITED ensure that all consumer products offered are safe and meet EU standards. For any product safety related inquiries or concerns, please contact our EU representative at gpsr@sindenventures.com. You can also write to us at 123 Main Street, Anytown, Country or Markou Evgenikou 11, Mesa Geitonia, 4002, Limassol, Cyprus.",9.5,USD,2995,"Rogue_Bureaucrat,Resist,USG,Save_Democracy,STOP_DOGE,Protest_Gear,Stand_Up_Fight_Back,Public_Service_gift,Protect_Constitution,Save_USAID,Federal_Employee",Ceramic,https://i.etsystatic.com/19767856/r/il/6f5daa/6737893842/il_fullxfull.6737893842_hx7x.jpg,https://i.etsystatic.com/19767856/r/il/426518/6737893748/il_fullxfull.6737893748_2jko.jpg,https://i.etsystatic.com/19767856/r/il/3791d5/6737893782/il_fullxfull.6737893782_pyvv.jpg,https://i.etsystatic.com/19767856/r/il/05ddb3/6737893814/il_fullxfull.6737893814_c359.jpg,https://i.etsystatic.com/19767856/r/il/d3b4c6/6737893864/il_fullxfull.6737893864_iavs.jpg,https://i.etsystatic.com/19767856/r/il/48d209/6785920257/il_fullxfull.6785920257_lnmi.jpg,https://i.etsystatic.com/19767856/r/il/4583cf/6737893924/il_fullxfull.6737893924_gulu.jpg,https://i.etsystatic.com/19767856/r/il/91bcec/6785920315/il_fullxfull.6785920315_dg01.jpg,https://i.etsystatic.com/19767856/r/il/fa4f39/6785920333/il_fullxfull.6785920333_mpnx.jpg,https://i.etsystatic.com/19767856/r/il/f70bb8/6737893992/il_fullxfull.6737893992_5pxu.jpg,"Custom Property","Custom Property","11 oz,15 oz,20 oz",,,,"67E0064C53EEA_4830,67E0064C53EEA_1320,67E0064C53EEA_16586"
"Currently Clean on OPSEC - T-shirt","Because nothing says secure like looping in a journalist to an commercial-app-based chat discussion on military attack details. For those who prefer their irony compartmented and strictly need-to-know.

#TS//NOFORN #Anyoneelsewouldbefired #AYFKM? 

‚Ä¢ 100% combed and ring-spun cotton (Heather colors contain polyester)
‚Ä¢ Fabric weight: 4.2 oz./yd.¬≤ (142 g/m¬≤)
‚Ä¢ Pre-shrunk fabric
‚Ä¢ Side-seamed construction
‚Ä¢ Shoulder-to-shoulder taping
‚Ä¢ Blank product sourced from Nicaragua, Mexico, Honduras, or the US

This product is made especially for you as soon as you place an order, which is why it takes us a bit longer to deliver it to you. Making products on demand instead of in bulk helps reduce overproduction, so thank you for making thoughtful purchasing decisions!",15,USD,44955,"Persist,Dissent,Defy,Federal_Employee,Public_Service,Save_Democracy,Protest_Gear,STOP_DOGE,save_our_constitutio,stand_up_fight_back,national_security,anti_MAGA",,https://i.etsystatic.com/19767856/r/il/c6e67e/6746813990/il_fullxfull.6746813990_obei.jpg,https://i.etsystatic.com/19767856/r/il/9dc648/6794840889/il_fullxfull.6794840889_ku7a.jpg,https://i.etsystatic.com/19767856/r/il/b40e7a/6746814070/il_fullxfull.6746814070_dona.jpg,https://i.etsystatic.com/19767856/r/il/0a8726/6746814080/il_fullxfull.6746814080_suc3.jpg,https://i.etsystatic.com/19767856/r/il/0f52db/6746814092/il_fullxfull.6746814092_f0ow.jpg,https://i.etsystatic.com/19767856/r/il/86ce23/6794840991/il_fullxfull.6794840991_cabk.jpg,,,,,Color,"Primary color","Heather Red,Heather Aqua,Heather Columbia Blue,Athletic Heather,Heather Prism Ice Blue,White","Unisex shirt size",Size,"S,M,L,XL,2X,3X,4X,XS,5X","67E461338E502_20681,67E461338E502_20669,67E461341A567_,67E461338E502_22023,67E461338E502_22025,67E461338E502_22026,67E461341A612_,67E461338E502_21587,67E461338E502_21590,67E461341A648_,67E461338E502_21585,67E461338E502_6948,67E461338E502_6949,67E461338E502_6951,67E461338E502_6954,67E461338E502_9363,67E461338E502_9365,67E461338E502_9366,67E461341A6F6_,67E461338E502_4011,67E461338E502_4014,67E461338E502_4015,67E461338E502_9526,67E461338E502_12872,67E461338E502_20679,67E461338E502_20677,67E461338E502_20675,67E461338E502_20673,67E461338E502_20671,67E461341A51D_,67E461338E502_22024,67E461338E502_22027,67E461341A5A2_,67E461341A5DB_,67E461338E502_22022,67E461338E502_21586,67E461338E502_21588,67E461338E502_21589,67E461341A67E_,67E461341A6BE_,67E461338E502_6950,67E461338E502_6952,67E461338E502_6953,67E461338E502_9561,67E461338E502_12876,67E461338E502_9360,67E461338E502_9361,67E461338E502_9362,67E461338E502_9364,67E461338E502_9576,67E461338E502_4012,67E461338E502_4013,67E461338E502_5294,67E461338E502_5309"
"Dissent Defy Resist Persist Vote T-Shirt | Fuel the Fire Protest Shirt | Political Activism Tee | Civil Rights Graphic Shirt","Fuel the Fire. Dissent. Defy. Resist. Persist. Vote.
This bold, activist-inspired t-shirt is designed for those who don‚Äôt flinch, don‚Äôt fold, and don‚Äôt forget what‚Äôs at stake. Whether you're heading to a protest, organizing a grassroots campaign, or simply want to make a statement with what you wear, this tee speaks volumes. It's one of the best political t-shirts for activists, perfect for those looking for what to wear to a protest, or seeking feminist, anti-fascist cotton shirts that are as comfortable as they are compelling.

Wear it like a warning‚Äîor a promise. This is a civil rights activist gift idea and a voter empowerment tee all in one.

‚úä Why You'll Love It:
Unapologetic Message: Makes a clear statement about civil rights, democracy, and resistance.
Soft, Durable Fabric: Made from 100% combed and ring-spun cotton for long-lasting comfort.
Activism-Ready: Comfortable enough for marches, bold enough for everyday wear.
Sustainably Made: Printed to order to reduce waste and overproduction.

üëï Product Details:
Material: 100% combed and ring-spun cotton (Heather colors contain polyester)
Fabric weight: 4.2 oz./yd¬≤ (142 g/m¬≤)
Fit: Unisex sizing, pre-shrunk, side-seamed for structure
Features: Shoulder-to-shoulder taping for a classic fit
Origin: Blank product sourced from Nicaragua, Mexico, Honduras, or the US

üå± Print-on-Demand Sustainability:
Each shirt is printed especially for you upon order‚Äîthank you for supporting mindful production.",15,USD,21978,"Political_Protest,Civil_Rights_Tee,Resist_T_Shirt,Dissent_Shirt,Activist_Apparel,Anti-Fascist_Tee,Graphic_Protest_Tee,Statement_Shirt,March_T_Shirt,Rogue_Bureaucrat,Political_Tee,Defy_Persist_Shirt",,https://i.etsystatic.com/19767856/r/il/e51189/6739787058/il_fullxfull.6739787058_ti1r.jpg,https://i.etsystatic.com/19767856/r/il/ad4462/6787815563/il_fullxfull.6787815563_818v.jpg,https://i.etsystatic.com/19767856/r/il/17996b/6739787076/il_fullxfull.6739787076_4oeo.jpg,,,,,,,,Color,"Primary color","Heather Red,Heather Columbia Blue,Athletic Heather","Unisex shirt size",Size,"S,M,L,XL,2X,3X,4X,XS,5X","67E1067300977_20681,67E1067300977_20677,67E1067300977_20675,67E1067300977_20671,67E1067300977_20669,67E10673F1BBA_,67E10673F1BF5_,67E10673F1C2E_,67E1067300977_6948,67E1067300977_6949,67E1067300977_6950,67E1067300977_6953,67E1067300977_6954,67E1067300977_20679,67E1067300977_20673,67E10673F1B20_,67E10673F1B7C_,67E1067300977_21586,67E1067300977_21587,67E1067300977_21588,67E1067300977_21589,67E1067300977_21590,67E1067300977_21585,67E1067300977_6951,67E1067300977_6952,67E1067300977_9561,67E1067300977_12876"
"USAID Rogue Bureaucrat T-Shirt | Political Activist Tee | Government Protest Shirt | Foreign Service Political Statement Apparel","This is more than a shirt‚Äîit‚Äôs a declaration. The ""Rogue Bureaucrat"" USAID edition is for those who serve with purpose and resist with principle, especially in the face of heartless greed. Featuring the USAID seal on the back, this design is meant for the changemakers inside the system who refuse to be silent in the face of injustice, corruption, or complacency, and for those cruelly RIF'd for doing their life-changing work and providing international support ""From the American People."" For all the rogue bureaucrats and deep state officials doing what we can to preserve international development. 

Whether you're marching for democracy, protesting at the RRB, the White House, or your local government house, advocating from within, or standing in solidarity with those who do, this shirt is a clear, defiant statement: International Development Makes America Great.

Why You'll Love This Shirt:
Agency-Specific Solidarity: Featuring the USAID seal on the back, it's tailored for mission-driven development professionals.
Activism-Inspired Message: A visible, wearable stand for justice and accountability in U.S. foreign assistance.
All-Day Comfort: Soft, breathable cotton and flattering unisex fit.
Powerful Gift: For colleagues, allies, and advocates within the international development community.

Product Details:
Material: 100% combed and ring-spun cotton (Heather colors contain polyester)
Fabric Weight: 4.2 oz./yd¬≤ (142 g/m¬≤)
Fit: Unisex sizing with side-seamed construction
Features: Pre-shrunk fabric, shoulder-to-shoulder taping
Origin: Blank product sourced from Nicaragua, Mexico, Honduras, or the US

Care Instructions:
Machine wash cold, inside-out, gentle cycle with mild detergent and similar colors.
Tumble dry low or hang-dry for longest life.
Cool iron inside-out if necessary. Do not iron decoration.
Do not dry clean.

Sustainability Note:
This product is made especially for you as soon as you place an order, which is why it may take a bit longer to deliver. Making products on demand instead of in bulk helps reduce overproduction, so thank you for making thoughtful purchasing decisions!",21,USD,30965,"Rogue_Bureaucrat,USAID_Shirt,Foreign_Service_Tee,Development_Protest,Civil_Servant_Shirt,Government_Protest,Political_T-Shirt,USAID_employee_gift,International_Aid,Public_Service,Dissent_Statement,Activist_Apparel,Save_USAID","Heather contains polyester,Cotton",https://i.etsystatic.com/19767856/r/il/8785d9/6785943221/il_fullxfull.6785943221_e1d6.jpg,https://i.etsystatic.com/19767856/r/il/d130aa/6737917278/il_fullxfull.6737917278_t53s.jpg,https://i.etsystatic.com/19767856/r/il/79bf3f/6785943265/il_fullxfull.6785943265_fg9m.jpg,https://i.etsystatic.com/19767856/r/il/1810d2/6737917320/il_fullxfull.6737917320_idkh.jpg,https://i.etsystatic.com/19767856/r/il/6f8b91/6737917342/il_fullxfull.6737917342_il9e.jpg,https://i.etsystatic.com/19767856/r/il/ec54c9/6737925666/il_fullxfull.6737925666_lnq3.jpg,https://i.etsystatic.com/19767856/r/il/2e4369/6785951891/il_fullxfull.6785951891_7oow.jpg,https://i.etsystatic.com/19767856/r/il/1bbbfa/6785951899/il_fullxfull.6785951899_d2zl.jpg,https://i.etsystatic.com/19767856/r/il/943e95/6737925614/il_fullxfull.6737925614_8rtk.jpg,,Color,"Primary color","Heather Slate,Heather Red,Athletic Heather,White","Unisex shirt size",Size,"XS,S,M,L,XL,2X,3X,4X,5X","67E009F61D13D_,67E009F537E36_12876,67E009F537E36_18619,67E009F537E36_18620,67E009F537E36_18621,67E009F537E36_18623,67E009F61D103_,67E009F537E36_20677,67E009F537E36_20675,67E009F537E36_20669,67E009F537E36_9561,67E009F537E36_6948,67E009F537E36_6952,67E009F537E36_6953,67E009F537E36_6954,67E009F537E36_4011,67E009F537E36_4012,67E009F537E36_4014,67E009F537E36_4015,67E009F537E36_12872,67E009F61D1AA_,67E009F537E36_18618,67E009F537E36_18622,67E009F61D0BE_,67E009F61D174_,67E009F537E36_20681,67E009F537E36_20679,67E009F537E36_20673,67E009F537E36_20671,67E009F537E36_6949,67E009F537E36_6950,67E009F537E36_6951,67E009F537E36_9526,67E009F537E36_4013,67E009F537E36_5294,67E009F537E36_5309"
"Public Service is a Public Good - Reclaim the Red Hat","Flip the narrative. This bold red hat says Public Service is a Public Good‚Äîbecause real patriots fix systems, not break them. For the civic-minded with a rebellious streak.

‚Ä¢ 100% chino cotton twill
‚Ä¢ Green Camo color is 35% chino cotton twill, 65% polyester
‚Ä¢ Unstructured, 6-panel, low-profile
‚Ä¢ 6 embroidered eyelets
‚Ä¢ 3 ‚Öõ‚Äù (7.6 cm) crown
‚Ä¢ Adjustable strap with antique buckle
‚Ä¢ Blank product sourced from Vietnam or Bangladesh

This product is made especially for you as soon as you place an order, which is why it takes us a bit longer to deliver it to you. Making products on demand instead of in bulk helps reduce overproduction, so thank you for making thoughtful purchasing decisions!",18,USD,999,"Rogue_Bureaucrat,Public_Service,Resist,Federal_Employee,USAID,Gift,Protest,Persist,SaveDemocracy",,https://i.etsystatic.com/19767856/r/il/3c4d29/6786792069/il_fullxfull.6786792069_l35n.jpg,https://i.etsystatic.com/19767856/r/il/883a84/6738755480/il_fullxfull.6738755480_ch3b.jpg,https://i.etsystatic.com/19767856/r/il/a0e24d/6738765724/il_fullxfull.6738765724_g6p1.jpg,https://i.etsystatic.com/19767856/r/il/bdda4a/6738765680/il_fullxfull.6738765680_7ans.jpg,https://i.etsystatic.com/19767856/r/il/b863be/6738765754/il_fullxfull.6738765754_bwvd.jpg,,,,,,,,,,,,67E0687CA780C_12735
"Public Service is a Public Good - Can-shaped glass","Raise a glass to the unsung heroes. This ‚ÄúPublic Service is a Public Good‚Äù tumbler is for the policy nerds, paper-pushers, and quiet changemakers who keep the wheels turning. Hydrate with integrity.

‚Ä¢ Glass material
‚Ä¢ Volume: 16 oz. (473 ml)
‚Ä¢ Not dishwasher or microwave safe
‚Ä¢ Blank product sourced from China",14.5,USD,1998,"Rogue_Bureaucrat,Public_Service,Resist,Federal_Employee,USAID,Gift,Protest,Persist,SaveDemocracy",,https://i.etsystatic.com/19767856/r/il/cbf846/6738709190/il_fullxfull.6738709190_fv6t.jpg,https://i.etsystatic.com/19767856/r/il/411681/6738709532/il_fullxfull.6738709532_c8iv.jpg,https://i.etsystatic.com/19767856/r/il/c1dddd/6738709300/il_fullxfull.6738709300_bw4b.jpg,https://i.etsystatic.com/19767856/r/il/11582b/6786736093/il_fullxfull.6786736093_n0iy.jpg,https://i.etsystatic.com/19767856/r/il/05c86f/6738709444/il_fullxfull.6738709444_pq7y.jpg,https://i.etsystatic.com/19767856/r/il/adf54e/6786736235/il_fullxfull.6786736235_hz4i.jpg,,,,,"Custom Property","Custom Property","16 oz With Lid & Straw,16 oz",,,,"67E063EC5749C_19390,67E063EC5749C_17354"
"Rogue Bureaucrat Embroidered Hat - Take Back The Hat | Funny Political Statement Cap | Adjustable Cotton Dad Hat","Make a bold statement and take back the hat with our ""Rogue Bureaucrat"" embroidered baseball cap. Designed for comfort and style, this adjustable cotton dad hat is perfect for everyday wear or as a unique gift for friends, family, or coworkers who enjoy political humor and witty accessories.

Perfect for:
- Government employees, public servants, and anyone navigating office politics
- Political enthusiasts and those who appreciate witty humor
- Casual outings, political events, rallies, or simply everyday wear

Why you'll love this hat:
- High-Quality Embroidery: Precision-stitched text ensures durability and sharpness.
- Premium Comfort: Made from soft, breathable 100% cotton.
- Adjustable Fit: Classic metal buckle closure provides a comfortable fit for all sizes.
- Perfect Gift Idea: Ideal for birthdays, retirements, elections, or simply to spark conversations.

Hat Details:
Style: Classic Dad Hat (Baseball Cap)
- Material: 100% Cotton
- Size: One size fits most (adjustable buckle)
- Embroidery: Professional, durable stitching

Care Instructions:
- Hand wash gently or machine wash cold on a delicate cycle.
- Air dry to maintain shape and embroidery quality.

Shipping & Customer Service:
- Made to order by Printful
- Simple Etsy return policy

Make your statement and ""Take Back the Hat"" today!",18,USD,999,"Political_Humor_Hat,Casual_Statement_Hat,Political_Ball_Cap,Rogue_Bureaucrat,Government_Gift,Fired_Worker_Gift,Gift_for_Bureaucrat,Unique_Political,Democrat_Hat,Federal_Employee_Hat,Resist_Persist_Defy,Save_Democracy_Hat,Save_USAID_hat",,https://i.etsystatic.com/19767856/r/il/8e02be/6738693290/il_fullxfull.6738693290_da82.jpg,https://i.etsystatic.com/19767856/r/il/8e652f/6781474886/il_fullxfull.6781474886_5qz4.jpg,https://i.etsystatic.com/19767856/r/il/d02894/6829488889/il_fullxfull.6829488889_iwd3.jpg,https://i.etsystatic.com/19767856/r/il/1f4b53/6829488947/il_fullxfull.6829488947_754c.jpg,https://i.etsystatic.com/19767856/r/il/d1ac81/6829488557/il_fullxfull.6829488557_mhgf.jpg,https://i.etsystatic.com/19767856/r/il/6ed1b4/6781474980/il_fullxfull.6781474980_a0zi.jpg,https://i.etsystatic.com/19767856/r/il/8547cb/6781474650/il_fullxfull.6781474650_mr2x.jpg,https://i.etsystatic.com/19767856/r/il/5a7d1a/6829488841/il_fullxfull.6829488841_bewk.jpg,https://i.etsystatic.com/19767856/r/il/8f4d45/6829488661/il_fullxfull.6829488661_5en3.jpg,,,,,,,,67E06243579D6_12735
"Rogue Bureaucrat - Can-shaped glass","Sip with subversion. This ‚ÄúRogue Bureaucrat‚Äù glass is perfect for those who know systems exist for a reason and facts still matter. Proudly defiant‚Äîone refreshing beverage at a time.

‚Ä¢ Glass material
‚Ä¢ Volume: 16 oz. (473 ml)
‚Ä¢ Not dishwasher or microwave safe
‚Ä¢ Blank product sourced from China",14.5,USD,1998,"Rogue_Bureaucrat,Resist,Federal_Employee,USAID,Public_Service,Gift,Protest,Persist",,https://i.etsystatic.com/19767856/r/il/ed7f05/6786674627/il_fullxfull.6786674627_1oi0.jpg,https://i.etsystatic.com/19767856/r/il/e57490/6786674533/il_fullxfull.6786674533_5p3n.jpg,https://i.etsystatic.com/19767856/r/il/54fef9/6786674557/il_fullxfull.6786674557_1o0x.jpg,https://i.etsystatic.com/19767856/r/il/f348ea/6786674583/il_fullxfull.6786674583_3pv2.jpg,https://i.etsystatic.com/19767856/r/il/7d30c9/6786674657/il_fullxfull.6786674657_e4a4.jpg,https://i.etsystatic.com/19767856/r/il/4934b1/6738647438/il_fullxfull.6738647438_pdyy.jpg,,,,,"Custom Property","Custom Property","16 oz With Lid & Straw,16 oz",,,,"67E05D5E582B2_19390,67E05D5E582B2_17354"
"Public Service is a Public Good","Not all heroes wear capes‚Äîsome write memos. This ‚ÄúPublic Service is a Public Good‚Äù tee is for the doers behind the scenes, holding the line and making systems work. Smart. Subtle. Unshakably civic. 
#PublicServicePride #FactBasedFashion #BureaucratAndProud #InformedAndInsubordinate #CivilServiceStyle #DefiantByDesign #GovernanceIsGood
#RebelWithACause

‚Ä¢ 100% combed and ring-spun cotton (Heather colors contain polyester)
‚Ä¢ Fabric weight: 4.2 oz./yd.¬≤ (142 g/m¬≤)
‚Ä¢ Pre-shrunk fabric
‚Ä¢ Side-seamed construction
‚Ä¢ Shoulder-to-shoulder taping
‚Ä¢ Blank product sourced from Nicaragua, Mexico, Honduras, or the US

This product is made especially for you as soon as you place an order, which is why it takes us a bit longer to deliver it to you. Making products on demand instead of in bulk helps reduce overproduction, so thank you for making thoughtful purchasing decisions!",15,USD,47952,"Rogue_Bureaucrat,Resist,USAID,Federal_Employee,Public_Service,Gift,Protest,Department_of,State,Education,Justice",,https://i.etsystatic.com/19767856/r/il/59b876/6786007633/il_fullxfull.6786007633_ahxc.jpg,https://i.etsystatic.com/19767856/r/il/26df58/6786007657/il_fullxfull.6786007657_4m1a.jpg,https://i.etsystatic.com/19767856/r/il/246166/6737981470/il_fullxfull.6737981470_szkh.jpg,https://i.etsystatic.com/19767856/r/il/204ba0/6786007695/il_fullxfull.6786007695_sa4x.jpg,https://i.etsystatic.com/19767856/r/il/90092a/6737981502/il_fullxfull.6737981502_9u3i.jpg,https://i.etsystatic.com/19767856/r/il/b423ce/6786007729/il_fullxfull.6786007729_ox3u.jpg,https://i.etsystatic.com/19767856/r/il/56af52/6786007751/il_fullxfull.6786007751_5tfi.jpg,https://i.etsystatic.com/19767856/r/il/dcc6e3/6737981538/il_fullxfull.6737981538_tq5s.jpg,,,Color,"Primary color","Heather Deep Teal,Heather True Royal,Heather Red,Heather Orchid,Heather Prism Dusty Blue,Athletic Heather,Heather Dust","Unisex shirt size",Size,"S,M,L,XL,2X,3X,4X,XS,5X","67E0135004111_8481,67E0135004111_8486,67E0135004111_8487,67E0135004111_8530,67E0135004111_8534,67E0135004111_8535,67E0135004111_8536,67E01350725C8_,67E01350725FE_,67E0135004111_20681,67E0135004111_20677,67E0135004111_20675,67E0135004111_20671,67E0135004111_20669,67E0135072633_,67E0135072666_,67E0135004111_10353,67E0135004111_10355,67E0135004111_10356,67E0135072701_,67E0135004111_9389,67E0135004111_9392,67E0135004111_9393,67E0135004111_6948,67E0135004111_6952,67E0135004111_6953,67E0135004111_10364,67E013507279B_,67E01350727CE_,67E0135072801_,67E0135004111_8482,67E0135004111_8483,67E0135004111_8484,67E0135004111_8485,67E0135072549_,67E013507258F_,67E0135004111_8531,67E0135004111_8532,67E0135004111_8533,67E0135004111_20679,67E0135004111_20673,67E0135004111_10352,67E0135004111_10354,67E013507269B_,67E01350726CE_,67E0135072734_,67E0135004111_9388,67E0135004111_9390,67E0135004111_9391,67E0135004111_9394,67E0135004111_9580,67E0135072767_,67E0135004111_6949,67E0135004111_6950,67E0135004111_6951,67E0135004111_6954,67E0135004111_9561,67E0135004111_12876,67E0135004111_10360,67E0135004111_10361,67E0135004111_10362,67E0135004111_10363,67E0135072833_"
"Rogue Bureaucrat - Universal Federal Service Activist Tee (No Seal) | Government Worker Protest T-Shirt | Unisex Political Statement Apparel","This shirt isn‚Äôt about red tape‚Äîit‚Äôs about resistance. The ""Rogue Bureaucrat"" T-shirt is made for those inside the system who still believe in pushing for justice, accountability, and truth. Whether you‚Äôre a foreign service officer, civil servant, government reformer, organizer, or activist, this shirt speaks to your commitment to integrity, equity, and democratic values. Suitable for all Federal and State government workers to show their dissent. (See other listings for Agency-specific shirts with seals)

Wear it to rallies, meetings, or on casual days when your clothing becomes your message. For those who serve and dissent‚Äîthis shirt is for you.

Why You'll Love This Shirt:
Activism-Inspired Message: A strong symbol of courage and accountability in public service.
All-Day Comfort: Made from soft, breathable cotton with a flattering unisex fit.
Versatile Style: Suitable for work-from-home days, marches, or organizing sessions.
Purposeful Gift: A great choice for civil servants, policy advocates, and everyday changemakers.

Product Details:
Material: 100% combed and ring-spun cotton (Heather colors contain polyester)
Fabric Weight: 4.2 oz./yd¬≤ (142 g/m¬≤)
Fit: Unisex sizing with side-seamed construction
Features: Pre-shrunk fabric, shoulder-to-shoulder taping
Origin: Blank product sourced from Nicaragua, Mexico, Honduras, or the US

Care Instructions:
Machine wash cold, inside-out, gentle cycle with mild detergent and similar colors.
Tumble dry low or hang-dry for longest life.
Cool iron inside-out if necessary. Do not iron decoration.
Do not dry clean.

Sustainability Note:
This product is made especially for you as soon as you place an order, which is why it may take a bit longer to deliver. Making products on demand instead of in bulk helps reduce overproduction, so thank you for making thoughtful purchasing decisions!",15,USD,30969,"Rogue_Bureaucrat,Foreign_Service_Tee,Civil_Servant_Shirt,Government_Protest,Unisex_Activist_Tee,Public_Sector_Gift,Organizing_Apparel,March_Ready_T-shirt,Statement_Shirt,Resist_Persist_Tee,Political_Action_Tee,Save_Democracy,Defend_Constitution","Cotton,Heather contains polyester",https://i.etsystatic.com/19767856/r/il/81f902/6786286964/il_fullxfull.6786286964_ac27.jpg,https://i.etsystatic.com/19767856/r/il/23e1a8/6738000814/il_fullxfull.6738000814_cwfk.jpg,https://i.etsystatic.com/19767856/r/il/183c2b/6786026737/il_fullxfull.6786026737_fgm7.jpg,https://i.etsystatic.com/19767856/r/il/530f59/6738000872/il_fullxfull.6738000872_rkyr.jpg,https://i.etsystatic.com/19767856/r/il/cef7c5/6786286464/il_fullxfull.6786286464_9b3e.jpg,https://i.etsystatic.com/19767856/r/il/7c8f2f/6834294493/il_fullxfull.6834294493_aj4r.jpg,https://i.etsystatic.com/19767856/r/il/2ba71a/6786286484/il_fullxfull.6786286484_l5ip.jpg,https://i.etsystatic.com/19767856/r/il/e194d0/6786286466/il_fullxfull.6786286466_d7gr.jpg,https://i.etsystatic.com/19767856/r/il/c36bf7/6834294585/il_fullxfull.6834294585_7ff8.jpg,https://i.etsystatic.com/19767856/r/il/f9579d/6786286590/il_fullxfull.6786286590_9ps5.jpg,Color,"Primary color","Heather Red,Heather Columbia Blue,Athletic Heather,White","Unisex shirt size",Size,"S,M,L,XL,2X,3X,4X,XS,5X","67E015EF7B5C1_20675,67E015EF7B5C1_20673,67E015EF7B5C1_20671,67E015EF7B5C1_20669,67E015EF82A25_,67E015EF82A68_,67E015EF7B5C1_21586,67E015EF7B5C1_21590,67E015EF82A9E_,67E015EF7B5C1_21585,67E015EF7B5C1_6948,67E015EF7B5C1_6949,67E015EF7B5C1_6951,67E015EF7B5C1_6952,67E015EF7B5C1_6953,67E015EF7B5C1_6954,67E015EF7B5C1_9561,67E015EF7B5C1_4011,67E015EF7B5C1_4014,67E015EF7B5C1_4015,67E015EF7B5C1_20681,67E015EF7B5C1_20679,67E015EF7B5C1_20677,67E015EF7B5C1_21587,67E015EF7B5C1_21588,67E015EF7B5C1_21589,67E015EF82AD2_,67E015EF82B04_,67E015EF7B5C1_6950,67E015EF7B5C1_12876,67E015EF7B5C1_4012,67E015EF7B5C1_4013,67E015EF7B5C1_5294,67E015EF7B5C1_5309,67E015EF7B5C1_9526,67E015EF7B5C1_12872"
"Printable DnD 5e Healing Potion Cards ‚Äì Standard, Greater, Superior ‚Äì Digital Download","Level up your Dungeons & Dragons 5e game with these printable Healing Potion Cards! Whether you're a Dungeon Master preparing for a new campaign or a player who always forgets what that Greater Healing Potion does‚Äîthese cards are the perfect tabletop companion.

üé≤ Includes:
3 unique potion card designs: Standard Healing, Greater Healing, and Superior Healing
Printable in standard playing card size (2.5"" x 3.5"")
High-quality PDF format for easy at-home printing

üß™ Why you'll love them:
Quick reference during battle‚Äîno more flipping through rulebooks
Immersive visual aid for in-game potion trading or looting
Great for gift-giving, party favors, or building your custom DnD card deck

üì• Digital Download:
Instant delivery‚Äîno physical item will be shipped
Print as many as you need for personal use!

üí° Tips:
Print on card stock for best results
Laminate for durability
Store in a deck box or organize with other 5e reference cards

‚ö†Ô∏è For personal use only. Not for commercial resale or distribution.
Bottle Images are credit to Digital Artsi.",3,USD,983,"dnd_healing_cards,potion_card_dnd,healing_potion_5e,dungeons_dragons,rpg_potion_card,dnd_card_print,dnd_instant_download,healing_potion_kit,5e_potion_deck,dnd_accessories,tabletop_game_aid,printable_5e_card,fantasy_potion",,https://i.etsystatic.com/19767856/r/il/de8cce/1955911947/il_fullxfull.1955911947_gq1z.jpg,https://i.etsystatic.com/19767856/r/il/233c67/1955961583/il_fullxfull.1955961583_lyaq.jpg,https://i.etsystatic.com/19767856/r/il/581e1a/1955961995/il_fullxfull.1955961995_ntrg.jpg,https://i.etsystatic.com/19767856/r/il/7d54f8/1955938427/il_fullxfull.1955938427_6a3y.jpg,,,,,,,,,,,,,
