Title,Description,Tags,Materials,Price,Quantity,Category,Occasion,Recipients,Style,Colors,Sizes,Who Made,When Made,Processing Time
government humor T-Shirt - civil servant Gift for IT professionals,"🎯 Perfect for IT professionals who appreciate cybersecurity humor

This funny t-shirt features a clever and humorous design that resonates with your professional experience. Whether you're a IT professional or know someone who is, this witty and relatable design is perfect for Birthday, Christmas, Office Party.

✨ FEATURES:
• High-quality Cotton construction
• screen printing for lasting durability
• Comfortable fit for all-day wear
• Available in multiple sizes and colors

🎁 PERFECT GIFT FOR:
• IT professional appreciation
• Birthday celebrations
• Office white elephant gifts
• Anyone who loves cybersecurity humor

📏 SIZE GUIDE: Please check our size chart for the perfect fit
🚚 SHIPPING: Fast processing and shipping worldwide
💝 GIFT READY: Arrives ready to gift or enjoy yourself!",government humor|civil servant|bureaucrat gift|office humor|it security|cyber professional|tech worker|gift|funny|humor|professional|office|work,"Cotton, Cotton Blend",25.29,10,Clothing > Unisex Adult Clothing > Tops & Tees,Birthday,Coworker,"Funny, Humorous","Black, Green, Blue, Gray","XS, S, M, L, XL, 2XL, 3XL",I did,2020-2024,1-3 business days
government humor Hoodie - Cozy civil servant Sweatshirt for IT professionals,"Stay warm and show your cybersecurity humor pride with this cozy hoodie! Perfect for IT professionals who want comfort and humor combined.

✨ PREMIUM FEATURES:
• Soft, warm fleece lining
• Durable high-quality printing
• Adjustable drawstring hood
• Kangaroo pocket for convenience

🎁 IDEAL FOR: Winter Gifts, Holiday Parties, Casual Fridays and everyday comfort",government humor|civil servant|bureaucrat gift|office humor|it security|cyber professional|tech worker|gift|funny|humor|professional|office|work,"Cotton Polyester Blend, Fleece",39.59,10,Clothing > Unisex Adult Clothing > Hoodies & Sweatshirts,Winter Gifts,Team Member,"Cozy, Comfortable","Black, Green, Blue, Gray","XS, S, M, L, XL, 2XL, 3XL",I did,2020-2024,1-3 business days
government humor Coffee Mug - Clever Cup for IT professionals,"Start your day with a smile! This witty and relatable coffee mug is perfect for IT professionals who need their caffeine with a side of humor.

☕ MUG FEATURES:
• High-quality ceramic construction
• Dishwasher and microwave safe
• Vibrant, fade-resistant printing
• 11oz capacity - perfect for coffee or tea

🎁 PERFECT FOR: Office gifts, Boss Day, Administrative Professionals Day, Office Parties, and daily motivation",government humor|civil servant|bureaucrat gift|office humor|it security|cyber professional|tech worker|gift|funny|humor|professional|office|work,"Ceramic, High-Quality Ceramic",18.14,10,Home & Living > Kitchen & Dining > Drink & Barware > Mugs,Boss Day,Coworker,"Functional, Humorous","Black, Green, Blue, Gray",One Size,I did,2020-2024,1-3 business days
government humor T-Shirt - civil servant Gift for Government employees,"🎯 Perfect for Government employees who appreciate government humor humor

This funny t-shirt features a clever and humorous design that resonates with your professional experience. Whether you're a government employee or know someone who is, this witty and relatable design is perfect for Birthday, Christmas, Office Party.

✨ FEATURES:
• High-quality Cotton construction
• screen printing for lasting durability
• Comfortable fit for all-day wear
• Available in multiple sizes and colors

🎁 PERFECT GIFT FOR:
• government employee appreciation
• Birthday celebrations
• Office white elephant gifts
• Anyone who loves government humor humor

📏 SIZE GUIDE: Please check our size chart for the perfect fit
🚚 SHIPPING: Fast processing and shipping worldwide
💝 GIFT READY: Arrives ready to gift or enjoy yourself!",government humor|civil servant|bureaucrat gift|office humor|federal employee|civil service|bureaucrat|gift|funny|humor|professional|office|work,"Cotton, Cotton Blend",25.29,10,Clothing > Unisex Adult Clothing > Tops & Tees,Birthday,Coworker,"Funny, Humorous","Navy, Gray, Black, White","XS, S, M, L, XL, 2XL, 3XL",I did,2020-2024,1-3 business days
government humor Hoodie - Cozy civil servant Sweatshirt for Government employees,"Stay warm and show your government humor humor pride with this cozy hoodie! Perfect for Government employees who want comfort and humor combined.

✨ PREMIUM FEATURES:
• Soft, warm fleece lining
• Durable high-quality printing
• Adjustable drawstring hood
• Kangaroo pocket for convenience

🎁 IDEAL FOR: Winter Gifts, Holiday Parties, Casual Fridays and everyday comfort",government humor|civil servant|bureaucrat gift|office humor|federal employee|civil service|bureaucrat|gift|funny|humor|professional|office|work,"Cotton Polyester Blend, Fleece",39.59,10,Clothing > Unisex Adult Clothing > Hoodies & Sweatshirts,Winter Gifts,Team Member,"Cozy, Comfortable","Navy, Gray, Black, White","XS, S, M, L, XL, 2XL, 3XL",I did,2020-2024,1-3 business days
government humor Coffee Mug - Funny Cup for Government employees,"Start your day with a smile! This witty and relatable coffee mug is perfect for Government employees who need their caffeine with a side of humor.

☕ MUG FEATURES:
• High-quality ceramic construction
• Dishwasher and microwave safe
• Vibrant, fade-resistant printing
• 11oz capacity - perfect for coffee or tea

🎁 PERFECT FOR: Office gifts, Boss Day, Administrative Professionals Day, Office Parties, and daily motivation",government humor|civil servant|bureaucrat gift|office humor|federal employee|civil service|bureaucrat|gift|funny|humor|professional|office|work,"Ceramic, High-Quality Ceramic",18.14,10,Home & Living > Kitchen & Dining > Drink & Barware > Mugs,Boss Day,Coworker,"Functional, Humorous","Navy, Gray, Black, White",One Size,I did,2020-2024,1-3 business days
government humor T-Shirt - civil servant Gift for Political enthusiasts,"🎯 Perfect for Political enthusiasts who appreciate political satire humor

This funny t-shirt features a clever and humorous design that resonates with your professional experience. Whether you're a professional or know someone who is, this witty and relatable design is perfect for Birthday, Christmas, Office Party.

✨ FEATURES:
• High-quality Cotton construction
• screen printing for lasting durability
• Comfortable fit for all-day wear
• Available in multiple sizes and colors

🎁 PERFECT GIFT FOR:
• professional appreciation
• Birthday celebrations
• Office white elephant gifts
• Anyone who loves political satire humor

📏 SIZE GUIDE: Please check our size chart for the perfect fit
🚚 SHIPPING: Fast processing and shipping worldwide
💝 GIFT READY: Arrives ready to gift or enjoy yourself!",government humor|civil servant|bureaucrat gift|office humor|political humor|election|democracy|gift|funny|humor|professional|office|work,"Cotton, Cotton Blend",25.29,10,Clothing > Unisex Adult Clothing > Tops & Tees,Birthday,Coworker,"Funny, Humorous","Black, Navy, Gray, White, Red","XS, S, M, L, XL, 2XL, 3XL",I did,2020-2024,1-3 business days
government humor Hoodie - Cozy civil servant Sweatshirt for Political enthusiasts,"Stay warm and show your political satire humor pride with this cozy hoodie! Perfect for Political enthusiasts who want comfort and humor combined.

✨ PREMIUM FEATURES:
• Soft, warm fleece lining
• Durable high-quality printing
• Adjustable drawstring hood
• Kangaroo pocket for convenience

🎁 IDEAL FOR: Winter Gifts, Holiday Parties, Casual Fridays and everyday comfort",government humor|civil servant|bureaucrat gift|office humor|political humor|election|democracy|gift|funny|humor|professional|office|work,"Cotton Polyester Blend, Fleece",39.59,10,Clothing > Unisex Adult Clothing > Hoodies & Sweatshirts,Winter Gifts,Team Member,"Cozy, Comfortable","Black, Navy, Gray, White, Red","XS, S, M, L, XL, 2XL, 3XL",I did,2020-2024,1-3 business days
government humor Coffee Mug - Clever Cup for Political enthusiasts,"Start your day with a smile! This witty and relatable coffee mug is perfect for Political enthusiasts who need their caffeine with a side of humor.

☕ MUG FEATURES:
• High-quality ceramic construction
• Dishwasher and microwave safe
• Vibrant, fade-resistant printing
• 11oz capacity - perfect for coffee or tea

🎁 PERFECT FOR: Office gifts, Boss Day, Administrative Professionals Day, Office Parties, and daily motivation",government humor|civil servant|bureaucrat gift|office humor|political humor|election|democracy|gift|funny|humor|professional|office|work,"Ceramic, High-Quality Ceramic",18.14,10,Home & Living > Kitchen & Dining > Drink & Barware > Mugs,Boss Day,Coworker,"Functional, Humorous","Black, Navy, Gray, White, Red",One Size,I did,2020-2024,1-3 business days
